id,timestamp,date
user_1,2025-04-15 15:24:28,2025-04-15
user_2,2024-12-17 18:15:44,2024-12-17
user_3,2025-03-17 03:53:52,2025-03-17
user_4,2025-02-09 08:28:35,2025-02-09
user_5,2025-02-05 16:54:50,2025-02-05
user_6,2025-01-26 10:12:21,2025-01-26
user_7,2025-04-08 14:36:15,2025-04-08
user_8,2024-10-28 09:23:39,2024-10-28
user_9,2024-10-26 10:02:34,2024-10-26
user_10,2025-08-15 05:26:57,2025-08-15
user_11,2025-05-28 00:01:54,2025-05-28
user_12,2025-07-16 06:19:36,2025-07-16
user_13,2025-02-01 03:03:39,2025-02-01
user_14,2024-11-19 19:20:48,2024-11-19
user_15,2024-12-03 20:39:59,2024-12-03
user_16,2024-10-27 14:16:21,2024-10-27
user_17,2025-09-18 22:23:26,2025-09-18
user_18,2025-01-29 03:32:06,2025-01-29
user_19,2025-03-06 03:42:41,2025-03-06
user_20,2025-09-11 15:20:34,2025-09-11
user_21,2025-06-29 10:28:25,2025-06-29
user_22,2024-10-29 20:42:47,2024-10-29
user_23,2025-05-31 13:34:42,2025-05-31
user_24,2025-04-14 02:53:58,2025-04-14
user_25,2024-12-01 06:41:24,2024-12-01
user_26,2025-04-26 02:26:10,2025-04-26
user_27,2024-11-21 21:52:53,2024-11-21
user_28,2025-03-14 00:34:35,2025-03-14
user_29,2025-03-26 11:47:33,2025-03-26
user_30,2024-11-02 22:25:46,2024-11-02
user_31,2025-03-15 13:55:33,2025-03-15
user_32,2025-01-31 18:51:23,2025-01-31
user_33,2025-05-19 12:38:34,2025-05-19
user_34,2025-08-12 01:16:40,2025-08-12
user_35,2025-01-31 16:09:27,2025-01-31
user_36,2024-11-18 21:39:29,2024-11-18
user_37,2025-04-14 00:44:24,2025-04-14
user_38,2025-03-22 07:06:04,2025-03-22
user_39,2025-10-02 11:25:59,2025-10-02
user_40,2025-09-02 00:03:04,2025-09-02
user_41,2025-05-28 23:48:53,2025-05-28
user_42,2024-11-12 09:47:53,2024-11-12
user_43,2024-12-09 21:11:45,2024-12-09
user_44,2025-07-29 02:15:11,2025-07-29
user_45,2025-01-01 00:09:25,2025-01-01
user_46,2025-04-24 08:21:52,2025-04-24
user_47,2025-10-11 09:41:23,2025-10-11
user_48,2025-09-22 23:49:14,2025-09-22
user_49,2025-09-26 15:20:04,2025-09-26
user_50,2025-07-31 18:45:37,2025-07-31
